Designator,Footprint,Quantity,Value,LCSC Part #
"100NF1, 100NF10, 100NF11, 100NF12, 100NF2, 100NF3, 100NF4, 100NF5, 100NF6, 100NF7, 100NF8, 100NF9",C0603,12,CC0603KRX7R8BB104,C92490
"10K1, 10K2, 10K3",R0603,3,RC0603FR-0710KL,C98220
"15PF1, 15PF2",C0603,2,CC0603JRNPO9BN150,C107037
"1K1, 1K2",R0603,2,RC0603FR-071KL,C22548
"1ΜF1, 1ΜF2, 1ΜF3, 1ΜF4",C0805,4,CC0805KKX5R6BB106,C89832
"27R1, 27R2",R0603,2,RC0603FR-0727RL,C137753
"3V3, CLICK1, GND1, X2, Y1",TestPoint_Pad_2.5x2.5mm,5,TestPoint,
"BOOT1, RESET1, SW1, SW10, SW11, SW12, SW13, SW14, SW15, SW16, SW17, SW18, SW19, SW2, SW20, SW21, SW22, SW23, SW24, SW25, SW26, SW27, SW28, SW29, SW3, SW30, SW31, SW32, SW33, SW34, SW35, SW36, SW37, SW38, SW39, SW4, SW40, SW41, SW42, SW43, SW44, SW45, SW46, SW47, SW48, SW49, SW5, SW50, SW51, SW52, SW53, SW54, SW55, SW6, SW7, SW8, SW9",SW-SMD_4P-L5.2-W5.2-P3.70-LS6.4,57,K2-1187SQ-A1SW-06,C707331
D1,SOT-23-6_L2.9-W1.6-P0.95-LS2.8-BL,1,USBLC6-2SC6,C7519
"D100, D111, D112, D113, D114, D115, D116, D117, D118, D119, D120, D121, D122, D123, D124, D125, D126, D127, D128, D129, D130, D131, D132, D133, D134, D135, D136, D137, D138, D139, D140, D66, D67, D68, D69, D70, D71, D72, D73, D74, D75, D76, D77, D78, D79, D80, D81, D82, D83, D84, D85, D86, D87, D88, D89, D90, D91, D92, D93, D94, D95, D96, D97, D98, D99",SOD-123_L2.8-W1.8-LS3.7-RD,65,1N4148W-C84367,C84367
"R1_5K1, R2_5K1",R0603,2,RC0603FR-075K1L,C105580
"SW56, SW57, SW58, SW59, SW60, SW61, SW62, SW63, SW64, SW65",KEY-SMD_B3U-1000PM,10,B3U-1000P,C231329
U1,LQFN-56_L7.0-W7.0-P0.4-EP,1,RP2040,C2040
U2,SOT-25-5_L2.9-W1.6-P0.95-LS2.8-BL,1,AP2112K-3.3TRG1,C51118
U3,SOIC-8_L5.3-W5.3-P1.27-LS8.0-BL,1,W25Q16JVSSIQ,C82317
USBC1,USB-C_SMD-TYPE-C-31-M-12_1,1,TYPE-C-31-M-12,C165948
X1,CRYSTAL-SMD_4P-L3.2-W2.5-BL,1,X322512MOB4SI,C70565
