Designator,Mid X,Mid Y,Rotation,Layer
100NF1,183.52,-94.31,180.0,bottom
100NF10,168.42,-106.01,0.0,bottom
100NF11,183.52,-98.11,0.0,bottom
100NF12,168.345,-98.41,180.0,bottom
100NF2,158.095,-103.435,270.0,bottom
100NF3,177.42,-102.835,270.0,bottom
100NF4,167.595,-83.41,0.0,bottom
100NF5,167.695,-85.185,0.0,bottom
100NF6,168.42,-104.31,0.0,bottom
100NF7,168.42,-107.81,0.0,bottom
100NF8,168.42,-102.41,0.0,bottom
100NF9,171.55,-100.61,270.0,bottom
10K1,183.095,-96.11,0.0,bottom
10K2,167.995,-87.535,90.0,bottom
10K3,166.42,-87.51,270.0,bottom
15PF1,187.72,-98.61,180.0,bottom
15PF2,187.57,-90.935,0.0,bottom
1K1,183.445,-91.035,180.0,bottom
1K2,164.72,-87.51,270.0,bottom
1ΜF1,167.32,-96.51,0.0,bottom
1ΜF2,201.12,-83.31,0.0,bottom
1ΜF3,208.41,-92.0,0.0,bottom
1ΜF4,168.12,-100.41,0.0,bottom
27R1,163.87,-105.735,270.0,bottom
27R2,165.97,-105.635,270.0,bottom
3V3,179.62,-75.41,90.0,top
BOOT1,159.37,-85.485,0.0,bottom
CLICK1,184.17,-75.41,90.0,top
D1,211.8725,-82.81,180.0,bottom
D100,169.47,-123.16,0.0,top
D111,205.22,-89.41,0.0,top
D112,205.22,-100.41,0.0,top
D113,205.22,-110.91,0.0,top
D114,205.22,-120.66,0.0,top
D115,205.22,-123.16,0.0,top
D116,217.47,-89.41,180.0,top
D117,217.47,-100.41,180.0,top
D118,217.47,-111.16,180.0,top
D119,217.47,-120.66,180.0,top
D120,217.47,-123.16,180.0,top
D121,140.12,-76.91,180.0,top
D122,147.12,-76.91,0.0,top
D123,154.12,-76.91,180.0,top
D124,161.12,-77.16,0.0,top
D125,168.12,-77.16,0.0,top
D126,104.87,-76.91,180.0,top
D127,111.87,-76.91,0.0,top
D128,119.12,-76.91,180.0,top
D129,126.12,-76.91,180.0,top
D130,133.12,-76.91,0.0,top
D131,193.47,-89.41,180.0,top
D132,181.47,-89.41,180.0,top
D133,181.47,-100.41,180.0,top
D134,193.47,-100.41,180.0,top
D135,181.53,-111.16,180.0,top
D136,193.47,-111.16,180.0,top
D137,181.72,-120.66,180.0,top
D138,193.47,-120.66,180.0,top
D139,181.72,-123.16,180.0,top
D140,193.47,-123.16,180.0,top
D66,97.72,-89.41,0.0,top
D67,97.72,-100.41,0.0,top
D68,97.72,-111.16,0.0,top
D69,97.72,-120.66,0.0,top
D70,97.72,-123.16,0.0,top
D71,109.41,-89.41,180.0,top
D72,109.41,-100.41,180.0,top
D73,109.41,-111.16,180.0,top
D74,109.22,-120.66,180.0,top
D75,109.22,-123.16,0.0,top
D76,121.72,-89.41,180.0,top
D77,121.72,-100.41,180.0,top
D78,121.72,-111.16,180.0,top
D79,121.72,-120.66,180.0,top
D80,121.72,-123.16,180.0,top
D81,133.47,-89.41,0.0,top
D82,133.47,-100.41,0.0,top
D83,133.47,-111.16,0.0,top
D84,133.47,-120.66,0.0,top
D85,133.47,-123.16,0.0,top
D86,145.47,-89.41,180.0,top
D87,145.47,-100.41,180.0,top
D88,145.47,-111.16,180.0,top
D89,145.47,-120.66,180.0,top
D90,145.47,-123.16,180.0,top
D91,157.97,-89.41,180.0,top
D92,157.97,-100.41,180.0,top
D93,157.97,-111.16,180.0,top
D94,157.97,-120.66,180.0,top
D95,157.97,-123.16,180.0,top
D96,169.47,-89.41,0.0,top
D97,169.47,-100.41,0.0,top
D98,169.47,-111.16,0.0,top
D99,169.47,-120.66,0.0,top
GND1,197.72,-75.41,90.0,top
R1_5K1,204.58,-78.77,270.0,bottom
R2_5K1,218.98,-78.75,270.0,bottom
RESET1,183.745,-105.21,0.0,bottom
SW1,98.72,-83.41,0.0,top
SW10,110.72,-127.41,0.0,top
SW11,122.72,-83.41,0.0,top
SW12,122.72,-94.41,0.0,top
SW13,122.72,-105.41,0.0,top
SW14,122.72,-116.41,0.0,top
SW15,122.72,-127.41,0.0,top
SW16,134.72,-83.41,0.0,top
SW17,134.72,-94.41,0.0,top
SW18,134.72,-105.41,0.0,top
SW19,134.72,-116.41,0.0,top
SW2,98.72,-94.41,0.0,top
SW20,134.72,-127.41,0.0,top
SW21,146.72,-83.41,0.0,top
SW22,146.72,-94.41,0.0,top
SW23,146.72,-105.41,0.0,top
SW24,146.72,-116.41,0.0,top
SW25,146.72,-127.41,0.0,top
SW26,158.72,-83.41,0.0,top
SW27,158.72,-94.41,0.0,top
SW28,158.72,-105.41,0.0,top
SW29,158.72,-116.41,0.0,top
SW3,98.72,-105.41,0.0,top
SW30,158.72,-127.41,0.0,top
SW31,170.72,-83.41,0.0,top
SW32,170.72,-94.41,0.0,top
SW33,170.72,-105.56,0.0,top
SW34,170.72,-116.41,0.0,top
SW35,170.72,-127.41,0.0,top
SW36,182.72,-83.41,0.0,top
SW37,182.72,-94.41,0.0,top
SW38,182.72,-105.41,0.0,top
SW39,182.72,-116.41,0.0,top
SW4,98.72,-116.41,0.0,top
SW40,182.72,-127.41,0.0,top
SW41,194.72,-83.41,0.0,top
SW42,194.72,-94.41,0.0,top
SW43,194.72,-105.41,0.0,top
SW44,194.72,-116.41,0.0,top
SW45,194.72,-127.41,0.0,top
SW46,206.72,-83.41,0.0,top
SW47,206.72,-94.41,0.0,top
SW48,206.72,-105.41,0.0,top
SW49,206.72,-116.41,0.0,top
SW5,98.72,-127.41,0.0,top
SW50,206.72,-127.41,0.0,top
SW51,218.72,-83.41,0.0,top
SW52,218.72,-94.41,0.0,top
SW53,218.72,-105.41,0.0,top
SW54,218.72,-116.41,0.0,top
SW55,218.72,-127.41,0.0,top
SW56,104.97,-74.41,180.0,top
SW57,111.97,-74.41,0.0,top
SW58,119.22,-74.41,0.0,top
SW59,126.22,-74.41,0.0,top
SW6,110.72,-83.41,0.0,top
SW60,133.22,-74.41,0.0,top
SW61,140.22,-74.41,180.0,top
SW62,147.22,-74.41,0.0,top
SW63,154.22,-74.41,0.0,top
SW64,161.22,-74.41,0.0,top
SW65,168.22,-74.41,0.0,top
SW7,110.72,-94.41,0.0,top
SW8,110.72,-105.41,0.0,top
SW9,110.72,-116.41,0.0,top
U1,174.12,-93.71,270.0,bottom
U2,212.77,-90.54,180.0,bottom
U3,160.42,-94.56,90.0,bottom
USBC1,211.72,-76.41,180.0,bottom
X1,187.57,-94.91,90.0,bottom
X2,193.27,-75.41,90.0,top
Y1,188.72,-75.41,90.0,top
